{"loss": [2.0401759147644043, 1.9456300735473633, 1.9464619159698486, 1.9393200874328613, 1.9335715770721436, 1.9176613092422485, 1.91136634349823, 1.8964937925338745, 1.8698194026947021, 1.8642860651016235, 1.813949704170227, 1.8181593418121338, 1.77350914478302, 1.7532975673675537, 1.7432715892791748, 1.7407739162445068, 1.7169300317764282, 1.6893258094787598, 1.6698496341705322, 1.6422243118286133, 1.612394094467163, 1.6004687547683716, 1.5773289203643799, 1.5521221160888672, 1.541978359222412, 1.5311049222946167, 1.5383872985839844, 1.4915575981140137, 1.4745168685913086, 1.442723274230957, 1.3925738334655762, 1.3803998231887817, 1.3913120031356812, 1.3116512298583984, 1.2889710664749146, 1.2765896320343018, 1.2386608123779297, 1.2170542478561401, 1.1742379665374756, 1.1468499898910522, 1.1237540245056152, 1.1127047538757324, 1.078988790512085, 1.0738338232040405, 1.0352520942687988, 1.0038058757781982, 0.9503137469291687, 0.929795503616333, 0.9336404204368591, 0.9172199964523315, 0.8729028701782227, 0.8291362524032593, 0.8176771998405457, 0.8276408910751343, 0.7775626182556152, 0.7631890177726746, 0.7543788552284241, 0.6860760450363159, 0.6471714377403259, 0.6515275835990906, 0.5688604116439819, 0.5367852449417114, 0.49439164996147156, 0.5354084968566895, 0.5282947421073914, 0.46796342730522156, 0.49585235118865967, 0.434200644493103, 0.44580140709877014, 0.3995373845100403, 0.3724435567855835, 0.32754382491111755, 0.3102385103702545, 0.3089419901371002, 0.2855532765388489, 0.2808256149291992, 0.28142720460891724, 0.24779382348060608, 0.21649254858493805, 0.19698776304721832, 0.22747953236103058, 0.22594277560710907, 0.23834548890590668, 0.1970295011997223, 0.2553871273994446, 0.19984203577041626], "accuracy": [0.14821559190750122, 0.17734886705875397, 0.16751638054847717, 0.17370721697807312, 0.1744355410337448, 0.19628550112247467, 0.19519300758838654, 0.20793882012367249, 0.23051711916923523, 0.21813547611236572, 0.25928622484207153, 0.26183539628982544, 0.2723962068557739, 0.29242533445358276, 0.29898032546043396, 0.3066278100013733, 0.29715949296951294, 0.3324836194515228, 0.34340858459472656, 0.3543335795402527, 0.3692643940448761, 0.3707210421562195, 0.3940276801586151, 0.40495264530181885, 0.4155134856700897, 0.40677347779273987, 0.4078660011291504, 0.43226510286331177, 0.43954843282699585, 0.4530225694179535, 0.4705025553703308, 0.47997087240219116, 0.47305169701576233, 0.5040058493614197, 0.5138382911682129, 0.5076475143432617, 0.5335032939910889, 0.5375090837478638, 0.5411507487297058, 0.570648193359375, 0.5724690556526184, 0.5812090039253235, 0.5972323417663574, 0.5983248353004456, 0.6158047914505005, 0.626365602016449, 0.6431172490119934, 0.6456664204597473, 0.653313934803009, 0.6595047116279602, 0.6831755042076111, 0.699198842048645, 0.7013838291168213, 0.7148579955101013, 0.7174071669578552, 0.7232338190078735, 0.7257829308509827, 0.7600145936012268, 0.7713037133216858, 0.7574654221534729, 0.8018936514854431, 0.8088127970695496, 0.8281136155128479, 0.8175528049468994, 0.8171886205673218, 0.8404952883720398, 0.8368536233901978, 0.848871111869812, 0.846686065196991, 0.8685360550880432, 0.8823743462562561, 0.8987618088722229, 0.8951202034950256, 0.9100509881973267, 0.9115076661109924, 0.9067735075950623, 0.9107792973518372, 0.9198834896087646, 0.9380917549133301, 0.9377276301383972, 0.9264384508132935, 0.9355425834655762, 0.9278951287269592, 0.9417334198951721, 0.9242534637451172, 0.9366350769996643], "val_loss": [2.9202723503112793, 1.9981878995895386, 1.9349000453948975, 1.9780066013336182, 2.0243730545043945, 1.9624041318893433, 2.108497381210327, 2.035916328430176, 3.0368731021881104, 2.1220133304595947, 1.8643479347229004, 1.810622215270996, 2.1596436500549316, 1.9265578985214233, 1.786062240600586, 2.016123056411743, 2.561732769012451, 1.828273057937622, 1.7842028141021729, 1.9031264781951904, 1.788806438446045, 1.8385783433914185, 2.1995935440063477, 2.552034854888916, 2.0173017978668213, 1.8718255758285522, 1.9276256561279297, 2.1698601245880127, 1.838444471359253, 1.7708219289779663, 1.768847107887268, 2.186788320541382, 1.65384840965271, 1.7593008279800415, 1.5027449131011963, 1.7042385339736938, 2.009046792984009, 2.500483274459839, 1.816742181777954, 2.205683946609497, 1.6826026439666748, 1.8826158046722412, 1.8898301124572754, 1.7551491260528564, 1.6060620546340942, 1.6826047897338867, 1.7282764911651611, 1.8081485033035278, 2.1763668060302734, 1.9560238122940063, 2.3502416610717773, 2.04762601852417, 1.9050109386444092, 2.3782708644866943, 2.2462921142578125, 1.859748363494873, 2.106759548187256, 2.21207332611084, 2.1641316413879395, 2.029627561569214, 2.576047897338867, 2.16861629486084, 2.1122634410858154, 1.8365600109100342, 2.335432767868042, 2.4504311084747314, 2.07361102104187, 2.491529941558838, 2.3231945037841797, 2.482257843017578, 2.2219350337982178, 2.689715623855591, 2.4263508319854736, 2.579490900039673, 2.652437210083008, 2.7451300621032715, 2.8659963607788086, 2.6870479583740234, 2.772275924682617, 2.7970564365386963, 3.309605360031128, 2.566415548324585, 2.6053473949432373, 3.0404913425445557, 2.8119242191314697, 2.828322410583496], "val_accuracy": [0.10784313827753067, 0.1666666716337204, 0.1764705926179886, 0.13071896135807037, 0.1568627506494522, 0.18300653994083405, 0.14705882966518402, 0.12745098769664764, 0.17320261895656586, 0.20915032923221588, 0.2124183028936386, 0.26143792271614075, 0.24183006584644318, 0.22549019753932953, 0.3104575276374817, 0.29411765933036804, 0.24836601316928864, 0.27450981736183167, 0.2875817120075226, 0.2777777910232544, 0.2908496856689453, 0.32679739594459534, 0.2908496856689453, 0.24183006584644318, 0.30718955397605896, 0.35947713255882263, 0.33006536960601807, 0.3104575276374817, 0.3660130798816681, 0.37254902720451355, 0.3986928164958954, 0.22875817120075226, 0.3692810535430908, 0.4117647111415863, 0.42810457944869995, 0.4019607901573181, 0.3366013169288635, 0.35947713255882263, 0.38562092185020447, 0.42810457944869995, 0.43790850043296814, 0.43790850043296814, 0.41830065846443176, 0.44771242141723633, 0.46078431606292725, 0.4346405267715454, 0.4575163424015045, 0.38562092185020447, 0.43790850043296814, 0.4117647111415863, 0.42810457944869995, 0.42810457944869995, 0.4444444477558136, 0.44771242141723633, 0.4019607901573181, 0.40522876381874084, 0.44117647409439087, 0.4575163424015045, 0.44117647409439087, 0.48366013169288635, 0.44771242141723633, 0.45098039507865906, 0.4575163424015045, 0.48366013169288635, 0.4803921580314636, 0.4346405267715454, 0.46405228972435, 0.47385621070861816, 0.47385621070861816, 0.4771241843700409, 0.516339898109436, 0.48366013169288635, 0.4575163424015045, 0.45098039507865906, 0.4542483687400818, 0.4313725531101227, 0.46405228972435, 0.44771242141723633, 0.44117647409439087, 0.4542483687400818, 0.4313725531101227, 0.4673202633857727, 0.45098039507865906, 0.4673202633857727, 0.43790850043296814, 0.4673202633857727]}