{
    "loss": [
        2.089869976043701,
        1.969780445098877,
        1.8860981464385986,
        1.83983314037323,
        1.8026292324066162,
        1.7677640914916992,
        1.7336053848266602,
        1.7030590772628784,
        1.707636833190918,
        1.6749464273452759,
        1.6541987657546997,
        1.6634432077407837,
        1.6199371814727783,
        1.6207854747772217,
        1.5981069803237915,
        1.590918779373169,
        1.5654058456420898,
        1.5640041828155518,
        1.5670602321624756,
        1.5463824272155762,
        1.5325666666030884,
        1.5124624967575073,
        1.4981341361999512,
        1.4990968704223633,
        1.4639203548431396,
        1.4864000082015991,
        1.4658867120742798,
        1.4631742238998413,
        1.4648258686065674,
        1.4677543640136719
    ],
    "accuracy": [
        0.16423889994621277,
        0.197378009557724,
        0.24326293170452118,
        0.27421703934669495,
        0.2713037133216858,
        0.2993445098400116,
        0.32192280888557434,
        0.33357611298561096,
        0.3332119584083557,
        0.35251274704933167,
        0.36052438616752625,
        0.34741443395614624,
        0.3765476942062378,
        0.3790968656539917,
        0.3936634957790375,
        0.4013110101222992,
        0.3994901776313782,
        0.3994901776313782,
        0.4089584946632385,
        0.4031318426132202,
        0.4187909662723541,
        0.42716678977012634,
        0.44027677178382874,
        0.4359067678451538,
        0.44610342383384705,
        0.4391842782497406,
        0.45120173692703247,
        0.4530225694179535,
        0.4490167498588562,
        0.4573925733566284
    ],
    "val_loss": [
        1.9166303873062134,
        1.8480322360992432,
        1.7762824296951294,
        1.7385730743408203,
        1.7181968688964844,
        1.7058804035186768,
        1.6818442344665527,
        1.6405291557312012,
        1.6314077377319336,
        1.634418249130249,
        1.6257117986679077,
        1.5756173133850098,
        1.5609674453735352,
        1.5556586980819702,
        1.5376193523406982,
        1.583622932434082,
        1.5866198539733887,
        1.5620250701904297,
        1.541776418685913,
        1.5431835651397705,
        1.530761957168579,
        1.544851303100586,
        1.5449109077453613,
        1.5451101064682007,
        1.5263727903366089,
        1.532478928565979,
        1.5306364297866821,
        1.5461026430130005,
        1.6107275485992432,
        1.5706796646118164
    ],
    "val_accuracy": [
        0.20588235557079315,
        0.26143792271614075,
        0.33986929059028625,
        0.33006536960601807,
        0.32679739594459534,
        0.31699347496032715,
        0.37254902720451355,
        0.35947713255882263,
        0.3758170008659363,
        0.38562092185020447,
        0.4019607901573181,
        0.4215686321258545,
        0.4346405267715454,
        0.39542484283447266,
        0.45098039507865906,
        0.4215686321258545,
        0.42810457944869995,
        0.44771242141723633,
        0.39542484283447266,
        0.3921568691730499,
        0.4215686321258545,
        0.40522876381874084,
        0.40522876381874084,
        0.4117647111415863,
        0.41830065846443176,
        0.4019607901573181,
        0.4117647111415863,
        0.4084967374801636,
        0.4084967374801636,
        0.4084967374801636
    ]
}