{
    "loss": [
        2.048736095428467,
        1.8039305210113525,
        1.6914912462234497,
        1.6436729431152344,
        1.560123324394226,
        1.4883736371994019,
        1.486067295074463,
        1.442480206489563,
        1.3990036249160767,
        1.3658335208892822,
        1.3235983848571777,
        1.3043389320373535,
        1.2802609205245972,
        1.257619023323059,
        1.2440358400344849,
        1.2246161699295044,
        1.1996186971664429,
        1.1794443130493164,
        1.123004674911499,
        1.1315535306930542,
        1.0927315950393677,
        1.0979759693145752,
        1.0915086269378662,
        1.0594205856323242,
        1.024381160736084,
        1.035082221031189,
        0.9998893141746521,
        1.0069833993911743,
        0.9861091375350952,
        0.9533336758613586,
        0.9877874851226807,
        0.9371395707130432,
        0.9401234984397888,
        0.8847867250442505,
        0.9229363799095154,
        0.8965113162994385,
        0.8714150786399841,
        0.8398549556732178,
        0.8446754217147827,
        0.8583875298500061,
        0.8109955787658691,
        0.8216623663902283,
        0.816879391670227
    ],
    "accuracy": [
        0.21267297863960266,
        0.31026947498321533,
        0.3576110601425171,
        0.36489439010620117,
        0.39839768409729004,
        0.43372178077697754,
        0.43299344182014465,
        0.46249088644981384,
        0.47305169701576233,
        0.49126002192497253,
        0.5127457976341248,
        0.5167516469955444,
        0.5240349769592285,
        0.5342316031455994,
        0.5386015772819519,
        0.5440641045570374,
        0.5535324215888977,
        0.5673707127571106,
        0.5946831703186035,
        0.5859431624412537,
        0.5983248353004456,
        0.5946831703186035,
        0.6030589938163757,
        0.6168972849845886,
        0.6387472748756409,
        0.6227239370346069,
        0.6325564384460449,
        0.6427531242370605,
        0.6478514075279236,
        0.6554989218711853,
        0.6412964463233948,
        0.6591405868530273,
        0.6584122180938721,
        0.6791697144508362,
        0.6667880415916443,
        0.6791697144508362,
        0.6948288679122925,
        0.6988346576690674,
        0.6919155120849609,
        0.6868171691894531,
        0.7108521461486816,
        0.7013838291168213,
        0.7086671590805054
    ],
    "val_loss": [
        1.8275247812271118,
        1.7792423963546753,
        1.7083319425582886,
        1.676304578781128,
        1.668107271194458,
        1.6777870655059814,
        1.6873092651367188,
        1.6602168083190918,
        1.7102524042129517,
        1.6651523113250732,
        1.6738307476043701,
        1.7124474048614502,
        1.6532442569732666,
        1.6868427991867065,
        1.685091495513916,
        1.7403368949890137,
        1.7086187601089478,
        1.6420462131500244,
        1.7593557834625244,
        1.7660480737686157,
        1.7488642930984497,
        1.7540161609649658,
        1.752586007118225,
        1.7343474626541138,
        1.747434377670288,
        1.8209655284881592,
        1.8160715103149414,
        1.733888864517212,
        1.7695428133010864,
        1.787757396697998,
        1.8211803436279297,
        1.8845312595367432,
        1.911699652671814,
        1.8884493112564087,
        1.8777278661727905,
        1.9357616901397705,
        2.0345165729522705,
        1.9810287952423096,
        1.8563425540924072,
        1.786992073059082,
        1.8855386972427368,
        1.9006978273391724,
        1.9337782859802246
    ],
    "val_accuracy": [
        0.2810457646846771,
        0.27450981736183167,
        0.3529411852359772,
        0.3692810535430908,
        0.39542484283447266,
        0.3758170008659363,
        0.3888888955116272,
        0.4019607901573181,
        0.3888888955116272,
        0.3986928164958954,
        0.3921568691730499,
        0.3529411852359772,
        0.3888888955116272,
        0.41503268480300903,
        0.4019607901573181,
        0.4019607901573181,
        0.40522876381874084,
        0.41503268480300903,
        0.3986928164958954,
        0.38562092185020447,
        0.4313725531101227,
        0.41503268480300903,
        0.4248366057872772,
        0.38235294818878174,
        0.39542484283447266,
        0.41830065846443176,
        0.4084967374801636,
        0.44117647409439087,
        0.4215686321258545,
        0.4346405267715454,
        0.40522876381874084,
        0.4117647111415863,
        0.4084967374801636,
        0.4248366057872772,
        0.4117647111415863,
        0.41830065846443176,
        0.4346405267715454,
        0.4248366057872772,
        0.4215686321258545,
        0.41503268480300903,
        0.40522876381874084,
        0.4117647111415863,
        0.4117647111415863
    ]
}