{"loss": [3.3009514808654785, 2.390409231185913, 2.2739758491516113, 2.2076244354248047, 2.07576847076416, 2.1025421619415283, 1.964180827140808, 1.9298031330108643, 1.8085575103759766, 1.7227116823196411, 1.636766791343689, 1.5552423000335693, 1.4755853414535522, 1.397482991218567, 1.3134058713912964, 1.2727680206298828, 1.2015039920806885, 1.139028787612915, 1.1218360662460327, 1.0353480577468872, 0.9868246912956238, 0.933538556098938, 0.9014216065406799, 0.8441757559776306, 0.7504027485847473, 0.7218173146247864, 0.6916617155075073, 0.6708924770355225, 0.6248438954353333, 0.5507165789604187, 0.5508260130882263, 0.45644059777259827, 0.43629103899002075, 0.40972599387168884, 0.36785203218460083, 0.36451542377471924, 0.2987707257270813, 0.2782590687274933, 0.28180012106895447, 0.2626689374446869, 0.23699995875358582, 0.1612541824579239, 0.24431754648685455, 0.2275131195783615, 0.18300555646419525, 0.16930362582206726], "accuracy": [0.14821559190750122, 0.18062636256217957, 0.19191551208496094, 0.2104879766702652, 0.23816460371017456, 0.2563728988170624, 0.2869628667831421, 0.3099053204059601, 0.3485069274902344, 0.38201019167900085, 0.4089584946632385, 0.44792425632476807, 0.4777858555316925, 0.4956299960613251, 0.511289119720459, 0.5389657616615295, 0.5568099021911621, 0.5895848274230957, 0.5932264924049377, 0.6154406666755676, 0.626365602016449, 0.6540422439575195, 0.678077220916748, 0.6915513277053833, 0.7305170893669128, 0.7323379516601562, 0.7520028948783875, 0.7501820921897888, 0.7771303653717041, 0.8062636852264404, 0.8084486722946167, 0.8430444002151489, 0.8463219404220581, 0.853969395160675, 0.8634377121925354, 0.8703568577766418, 0.9075018167495728, 0.9071376323699951, 0.8994901776313782, 0.9147851467132568, 0.9213401079177856, 0.9475600719451904, 0.9191551208496094, 0.9246176481246948, 0.9435542821884155, 0.9450109004974365], "val_loss": [75.52750396728516, 2.150409698486328, 2.0298120975494385, 1.970644474029541, 2.0071890354156494, 1.9060134887695312, 2.517894983291626, 1.849604606628418, 1.7797620296478271, 1.8112742900848389, 1.8414292335510254, 1.9989608526229858, 1.7526586055755615, 1.8793692588806152, 1.7290226221084595, 1.694719672203064, 1.7136822938919067, 1.9618207216262817, 1.9172478914260864, 1.965013861656189, 1.9758727550506592, 1.94719398021698, 1.9273685216903687, 1.8888949155807495, 2.0780248641967773, 1.8666942119598389, 2.0965540409088135, 2.1134612560272217, 2.2446250915527344, 2.3326337337493896, 2.132657766342163, 2.3122873306274414, 2.608429193496704, 2.599766492843628, 2.4995415210723877, 2.621987819671631, 2.6325385570526123, 2.595655918121338, 2.6428096294403076, 2.6047911643981934, 2.454275131225586, 2.924002170562744, 2.751197099685669, 2.744213819503784, 2.773076057434082, 2.8472788333892822], "val_accuracy": [0.1111111119389534, 0.1764705926179886, 0.12745098769664764, 0.18300653994083405, 0.20588235557079315, 0.1993464082479477, 0.24183006584644318, 0.28431373834609985, 0.2810457646846771, 0.3333333432674408, 0.33986929059028625, 0.33986929059028625, 0.38235294818878174, 0.36274510622024536, 0.4019607901573181, 0.3921568691730499, 0.4248366057872772, 0.33006536960601807, 0.3986928164958954, 0.38562092185020447, 0.4019607901573181, 0.37254902720451355, 0.3986928164958954, 0.4444444477558136, 0.4215686321258545, 0.4346405267715454, 0.3921568691730499, 0.4575163424015045, 0.4084967374801636, 0.41830065846443176, 0.46078431606292725, 0.4542483687400818, 0.4117647111415863, 0.39542484283447266, 0.41830065846443176, 0.4084967374801636, 0.39542484283447266, 0.41830065846443176, 0.43790850043296814, 0.42810457944869995, 0.44117647409439087, 0.39542484283447266, 0.4346405267715454, 0.4444444477558136, 0.4084967374801636, 0.4346405267715454]}